query_id,image,description,shoe_type_correct,colours_correct,closure_correct,visible_details_correct,unsupported_claims,notes
q077,artifacts/queries/q077.jpg,Shoe type: dress shoe; Colour: black; Closure: slip-on; Visible details: features a low heel and decorative straps across the upper..,yes,yes,yes,yes,no,Project owner confirmed all descriptions correct in the Codex conversation.
q078,artifacts/queries/q078.jpg,Shoe type: sandal; Colour: light grey; Closure: ankle strap; Visible details: thong style with a flat sole and decorative elements..,yes,yes,yes,yes,no,Project owner confirmed all descriptions correct in the Codex conversation.
q079,artifacts/queries/q079.jpg,"Shoe type: sneaker; Colour: black with white accents; Closure: laces; Visible details: three white stripes on the side, cushioned sole.",yes,yes,yes,yes,no,Project owner confirmed all descriptions correct in the Codex conversation.
q080,artifacts/queries/q080.jpg,Shoe type: ballet flats; Colour: pink; Closure: slip-on; Visible details: features a bow on the front and a rounded toe..,yes,yes,yes,yes,no,Project owner confirmed all descriptions correct in the Codex conversation.
q081,artifacts/queries/q081.jpg,"Shoe type: high-top sneakers; Colour: black, red, white; Closure: lace-up; Visible details: white rubber toe cap, colorful graphic on the side.",yes,yes,yes,yes,no,Project owner confirmed all descriptions correct in the Codex conversation.
q082,artifacts/queries/q082.jpg,"Shoe type: sneaker; Colour: white, black, blue; Closure: lace-up; Visible details: features a prominent logo and a cushioned sole..",yes,yes,yes,yes,no,Project owner confirmed all descriptions correct in the Codex conversation.
q083,artifacts/queries/q083.jpg,"Shoe type: sneaker; Colour: olive green and white; Closure: laces; Visible details: textured upper, white sole, casual style.",yes,yes,yes,yes,no,Project owner confirmed all descriptions correct in the Codex conversation.
q084,artifacts/queries/q084.jpg,"Shoe type: Boots; Colour: Brown and black; Closure: Laces; Visible details: Chunky sole, padded collar, and reinforced toe area..",yes,yes,yes,yes,no,Project owner confirmed all descriptions correct in the Codex conversation.
q085,artifacts/queries/q085.jpg,"Shoe type: flip-flop; Colour: green; Closure: open-toe; Visible details: thin straps, flat sole, casual design.",yes,yes,yes,yes,no,Project owner confirmed all descriptions correct in the Codex conversation.
